<mvc:View xmlns:core="sap.ui.core" 
          xmlns:mvc="sap.ui.core.mvc"
          xmlns="sap.m"
          xmlns:l="sap.ui.layout"
          xmlns:u="sap.ui.unified"
          controllerName="ns.winning_product_uploads.Card">

    <l:Grid
        defaultSpan="XL12 L12 M12 S12"
    >
        <l:VerticalLayout>
            <u:FileUploader
                id="fileUploader"
                class="sapUiTinyMargin"
                name="myFileUpload"
                uploadUrl="upload/"
                tooltip="Upload your file to the local server"
                uploadComplete="handleUploadComplete"/>
            <Button
                class="sapUiTinyMarginBegin sapUiTinyMarginBottom"
                text="Upload"
                press="handleUploadPress"/>
        </l:VerticalLayout>
        <l:VerticalLayout>
            <Title
                class="sapUiTinyMarginBottom"
                text="Import Results"
            />
            <Table
                id='uploadedTable'
            >
                <columns>
                    <Column>
                        <Text
                            text="LogID"
                        />
                    </Column>
                    <Column>
                        <Text
                            text="Job Status"
                        />
                    </Column>
                    <Column>
                        <Text
                            text="Uploaded By"
                        />
                    </Column>
                    <Column>
                        <Text
                            text="Date"
                        />
                    </Column>
                </columns>
                <items>
                    <ColumnListItem>
                        <cells>
                            <Text
                                text="{logid}"
                            />
                            <Text
                                text="{jobstatus}"
                            />
                            <Text
                                text="{uploadedby}"
                            />
                            <Text
                                text="{date}"
                            />
                        </cells>
                    </ColumnListItem>
                </items>
            </Table>
        </l:VerticalLayout>
    </l:Grid>
</mvc:View>
